{"sake": 2, "lichened": 2, "jagged": 2, "dewdrop": 2, "ridgelines": 2, "morningglory": 4, "oranged": 2, "evenfall": 3, "cumulus": 3, "woodcutter": 3, "priestling": 2, "nightingales": 3, "yowl": 1, "whippoorwill": 3, "scatters": 2, "mooing": 2, "fie": 1, "creepers": 2, "beholders": 3, "watersplash": 3, "moonrise": 2, "persimmons": 3, "wisteria": 4, "battlers": 2, "pattering": 3, "archways": 2, "wintery": 3, "petaled": 2, "colour": 2, "samisen": 3, "deepener": 3, "spiritless": 3, "skims": 1, "dragonfly": 3, "tendrils": 2, "tendrilled": 2, "swordhand": 2, "treehouse": 2, "hibiscus": 3, "foregather": 3, "camellia": 4, "furue": 3, "stretchings": 2, "storks": 1, "windblown": 2, "windless": 2, "dusky": 2, "samuri": 3, "shadeless": 2, "treeline": 2, "inuyasha": 4, "atsuta": 3, "nursemaid": 2, "froglings": 2, "cloudbanks": 2, "cloudbank": 2, "asakura": 4, "bathwater": 3, "carven": 2, "paperweights": 3}
